id;title;description;image_url;author_name;publish_date;category
1;whether;finally meanwhile out;present untidy geez;bar but till;2025-04-06T12:30:25;rebel inasmuch
2;apud ah um;bashfully juicy;aha doting;stealthily;2025-04-06T12:26:30;simple where pro
3;at;flint;unless intermix;hence;2025-04-06T07:17:43;hearten
4;lid unless;phooey bah what;digital which;throughout trick eternity;2025-04-06T12:23:53;aha
5;emulsify between animated;under;or ouch quaintly;finally joyously designation;2025-04-06T05:28:32;lively gosh
6;demonstrate eek;psst;ignorant;briskly;2025-04-06T09:14:22;powerfully potentially where
7;ornery degenerate;tame;whoa;oof;2025-04-06T00:36:26;woot whoa before
8;astride;beside oblong boo;anti;graceful;2025-04-06T14:51:22;bah appreciate
9;huzzah;carefully;down;wilted;2025-04-06T00:07:33;fooey
10;annual;swiftly;likewise tender;reproachfully yeast thunderbolt;2025-04-06T08:47:30;scope anti psst
